id,date_added,incident_date,city,state,crime_type,camera_role,outcome,summary,source_name,source_url,additional_sources,confidence
1,2026-08-13,2026-08-13,Pinebluff,NC,homicide,evidence from Flock Safety camera network identified suspect,arrest,"Three people were found dead in a Pinebluff home on August 13, 2026. Flock Safety camera evidence, along with other evidence, helped identify Demetrius Louis Aggelis as the suspect, leading to his arrest and charges of three counts of murder and one count of first-degree burglary.",abc11.com,https://abc11.com/post/pinebluff-man-custody-following-triple-homicide-investigation/19670563/,,high
2,2026-08-13,2025-12-23,Columbus,OH,homicide,LPR hit located suspect vehicle,suspect arrested and charged,"Spencer Tepe and his wife Monique were fatally shot in their home in late December 2025. Columbus police used Flock Safety license plate reading cameras to locate the suspect, Monique's ex-husband Michael McKee, who has been charged with aggravated murder.",yahoo.com,https://www.yahoo.com/news/us/articles/tepe-father-says-privacy-concerns-220532177.html,https://www.yahoo.com/news/us/articles/tepe-family-member-weighs-flock-093000659.html https://www.nbc4i.com/news/local-news/columbus/tepe-family-member-weighs-in-on-flock-camera-debate-credits-cameras-for-arrest/amp/,high
3,2026-08-13,2026-08-10,Scotch Plains,NJ,other,LPR detection alerted police to suspect vehicle location,arrest,"Toyin Adekale Patterson, wanted on a child rape charge from Tennessee, was arrested in Scotch Plains, New Jersey after a Flock Safety camera detected his vehicle and alerted police, enabling a traffic stop and apprehension.",local3news.com,https://www.local3news.com/local-news/east-tennessee-man-wanted-on-child-rape-charge-arrested-in-new-jersey-with-help-from/article_1220b583-898f-48cf-b1a2-f647cec2fb10.html,https://www.wsmv.com/2026/08/09/flock-camera-new-jersey-helps-lead-arrest-tennessee-man-wanted-connection-child-rape-charge-sheriffs-office/ https://www.tapinto.net/towns/scotch-plains-slash-fanwood/sections/police-and-fire/articles/fanwood-police-arrest-wanted-tennessee-man-after-flock-camera-alert-in-scotch-plains,high
4,2026-08-13,2026-08-12,Flint,MI,shooting,used in investigation of shooting incident,investigation ongoing,Two teens were killed in a shooting on James P. Cole Boulevard in Flint after a fight broke out in a crowd. Flint Police used Flock camera technology in their investigation of the incident.,midmichigannow.com,https://midmichigannow.com/news/local/surge-in-gun-violence-leaves-three-people-dead-flint-police-increase-patrols,,high
5,2026-08-13,2026-07-29,Carson City,NV,vehicle theft,Flock camera detected stolen U-Haul vehicle,arrest,A 52-year-old woman was arrested after a Flock camera detected a stolen U-Haul vehicle in the South Carson Street area. Deputies located the vehicle and apprehended the suspect as she attempted to enter it.,carsonnow.org,https://www.carsonnow.org/08/10/2026/carson-city-couple-jailed-for-alleged-child-neglect-abuse-after-filthy-conditions-found-inside-home,,high
6,2026-08-13,2026-08-09,Lorain,OH,homicide,"LPR search tracked stolen vehicle through multiple cities, guiding officers to suspect location","arrest, charged with murder","A 16-year-old is accused of killing his grandfather and stealing his vehicle. Flock cameras captured the vehicle's license plate in Avon Lake, Westlake, North Ridgeville, and North Olmsted, enabling officers to locate and stop the suspect on Interstate 480 within 30 minutes of the discovery of the crime.",police1.com,https://www.police1.com/police-products/traffic-enforcement/license-plate-readers/ohio-police-credit-alpr-system-for-capture-of-murder-suspect-in-less-than-30-minutes,https://www.wkyc.com/video/news/local/3news-at-4/lorain-police-reveal-how-flock-cameras-helped-lead-to-arrest-of-teen-accused-of-killing-grandfather/95-83956128-a689-40fb-a310-0a6bda2cbdd8 https://www.wkyc.com/article/news/local/lorain-county/lorain-robert-lewis-killed-g-street-shooting-16-year-old-arrested-police-press-conference/95-1ce83684-ec1f-41bd-b9aa-b6d0c478db80,high
7,2026-08-13,2026-08-08,Frenchtown Township,MI,vehicle theft,Real-time alert detected stolen vehicle location,Two suspects arrested,"A stolen vehicle from Redford Township was located at a Frenchtown hotel after a Flock camera alert on North Dixie Highway and I-75. Two suspects were apprehended after fleeing the scene, with one found in a nearby soybean field.",yahoo.com,https://www.yahoo.com/news/us/articles/police-track-stolen-car-frenchtown-144404684.html,https://www.monroenews.com/story/news/crime/2026/08/10/two-arrested-in-frenchtown-michigan-after-camera-tracks-stolen-car/91234625007/,high
8,2026-08-13,2026-08-10,Decaturville,TN,other,LPR alert identified suspect vehicle matching active warrant,arrest,"Jayson Bills, wanted for aggravated rape of a child in Hardin County, was arrested in Decatur County after the county's Flock Safety license plate reader system detected his vehicle and alerted deputies to his location.",WSMV,https://www.wsmv.com/2026/08/11/flock-camera-credited-with-arrest-accused-child-rapist-decatur-county-tn/,https://www.wbbjtv.com/2026/08/11/flock-camera-leads-rape-suspect-arrest-decatur-county/ https://www.nbc39.com/news/crime/flock-camera-leads-to-arrest-of-hardin-county-man-wanted-on-child-rape-charges/article_c00414bc-1764-428d-848b-0feb08a357dd.html,high
9,2026-08-13,2026-08-11,,TX,other,assisted in vandalism investigation leading to arrests,arrests,Flock cameras assisted Central Texas law enforcement in a vandalism case that led to arrests. Law enforcement defended the cameras as an essential tool.,KCENTV.com,https://www.kcentv.com/article/news/local/central-texas-law-enforcement-defends-flock-cameras/500-12b8f281-7d0a-4ef8-a527-ba7a3b9516e2,,low
10,2026-08-13,2026-08-06,,WI,drug offense,tracked suspect across state lines,arrest,"Wisconsin police used Flock cameras to track a man across state lines, leading to his arrest on drug charges.",Gizmodo,https://gizmodo.com/wisconsin-cops-tracked-a-man-with-flock-cameras-to-arrest-him-for-weed-2000795424,,low
11,2026-08-13,2026-08-08,Galt,CA,abduction/missing person,LPR system helped track suspect vehicle,suspect tracked,Galt police used Flock cameras to track a kidnapping suspect within 5 minutes of the incident.,ABC10,https://www.abc10.com/article/entertainment/television/programs/to-the-point/galt-police-say-flock-cameras-helped-track-kidnapping-suspect-in-5-minutes/103-0c673cca-21e1-4a82-9d7f-05df9b3e8aad,,medium
12,2026-08-13,2026-08-04,Moorhead,MN,theft/larceny,LPR technology used to develop leads on suspect vehicle and trailer location,arrest and trailer recovery,"Moorhead police used Flock license plate reader technology to track a stolen American Legion trailer containing $30,000 in Veterans Honor Flight merchandise. The technology helped identify the suspect vehicle and locate the trailer, leading to the arrest of 74-year-old Robert Andert on theft and property damage charges.",5 EYEWITNESS NEWS,https://kstp.com/kstp-news/local-news/flock-camera-tech-helps-moorhead-police-catch-staples-man-in-trailer-theft/,https://bringmethenews.com/minnesota-news/moorhead-police-use-flock-camera-to-track-down-veterans-groups-stolen-trailer https://www.aol.com/articles/moorhead-police-flock-camera-track-174618000.html,high
13,2026-08-13,2026-07-23,Hancock County,IN,theft/larceny,LPR alert identified wanted vehicle on Interstate 70,"arrest, cargo recovered","A Fresno man was arrested in Indiana after Greenfield Police Department's Flock Safety camera system detected a semi-truck linked to a $3 million cargo theft as it traveled on Interstate 70. The recovered cargo included nearly 40,000 pounds of tungsten oxide powder and LEGO products.",kmph.com,https://kmph.com/news/local/flock-camera-leads-to-arrest-in-3m-cargo-theft-case-in-indiana-involving-fresno-man,https://kmph.com/news/local/fresno-man-arrested-in-indiana-after-flock-cameras-track-truck-with3m-stolen-cargo-greenfield-police-department-mcfarland-california-ice-detention-facility-mitsubishi-materials-corporation-deepak-kumar,high
14,2026-08-13,2026-08-07,Galt,CA,abduction/missing person,vehicle tracking led to suspect apprehension,arrest,A kidnapping suspect was arrested after Galt police used Flock cameras to track the suspect's vehicle.,ABC10,https://www.abc10.com/article/news/crime/kidnapping-suspect-arrested-after-galt-police-track-vehicle-with-flock/103-09afe7b9-64a2-49db-ad70-6403609f749f,,medium
15,2026-08-13,2026-08-05,Somerville,AL,burglary,LPR identified suspect vehicle for traffic stop,"two arrests, stolen property recovered","Deputies responded to two burglaries on Fowler Road in Somerville and used the Flock license plate reader system to identify and stop a suspect vehicle. The driver was arrested and a subsequent search warrant recovered stolen items, leading to charges against two individuals.",WAFF,https://www.waff.com/2026/08/06/flock-camera-helps-deputies-arrest-two-somerville-burglaries/,,high
16,2026-08-13,2026-07-28,Burbank,CA,indecent exposure,ALPR technology identified suspect vehicle and located it for detention,arrest,"On July 28, 2026, Burbank Police used Flock Safety ALPR technology to identify and locate a suspect vehicle within an hour of an indecent exposure report on West Magnolia Boulevard, leading to the arrest of 29-year-old Ernesto Reyes, a registered sex offender. In a second case, Flock Safety ALPR technology assisted in identifying a suspect in an elder theft and identity theft case that occurred on May 26, 2026, resulting in the arrest of Raymond Hurtado on August 6, 2026.",MyBurbank.com,https://myburbank.com/use-of-flock-camera-system-leads-to-two-arrests-by-burbank-police/,,high
17,2026-08-13,2026-07-31,Grand Blanc Township,MI,carjacking,Automated LPR alert enabled vehicle location and suspect apprehension,Two suspects arrested,A Flock camera alert at 3 a.m. on July 31 led Grand Blanc Township police to locate a vehicle near Boulder Creek Apartments and arrest two suspects involved in an armed robbery and carjacking within five minutes of the alert.,WNEM,https://www.wnem.com/2026/07/31/police-arrest-two-suspected-armed-robbery-carjacking-following-flock-camera-alert/,,high
18,2026-08-13,2026-07-07,Mountain View,AR,burglary,LPR identified suspect vehicle and tracked movements across multiple locations,arrests and felony charges filed,"Two suspects were arrested for a series of overnight business break-ins in north-central Arkansas starting July 7 at Happy Hemp in Mountain View. Flock camera data identified a rented red Jeep Renegade near the scene and tracked its movements to multiple burglary locations, leading to the identification and arrest of both suspects.",White River Now,https://www.whiterivernow.com/2026/07/24/surveillance-video-flock-cameras-lead-to-arrests-in-happy-hemp-break-in-case/,,high
19,2026-08-13,2026-08-05,Laredo,TX,homicide,LPR alert identified suspect vehicle in parking lot,arrest,"A Flock camera flagged a black vehicle belonging to murder suspect Ashley Renea Guzman at a restaurant parking lot in Laredo, leading to her arrest after she had been wanted since failing to appear for a hearing in October 2024. Guzman was charged in the May 2022 killing of Gerardo Niño.",KGNS,https://www.kgns.tv/2026/08/05/laredo-murder-suspect-arrested-after-flock-camera-spots-car-parking-lot/,,high
20,2026-08-13,2026-07-08,Clinton Township,NJ,vehicle theft,alert identified stolen van entering township,"vehicle recovered, suspect arrested",A stolen U-Haul van was recovered in Clinton Township after a Flock Safety camera system alert notified police that the vehicle had entered the township. The driver was arrested and charged with receiving stolen property.,wrnjradio.com,https://wrnjradio.com/flock-camera-alert-leads-to-recovery-of-stolen-u-haul-van-in-hunterdon-county/,,high
21,2026-08-13,2026-07-26,Belmont,NC,vehicle theft,LPR alert flagged stolen vehicle entering city,"3 arrests (felon with firearm, unauthorized vehicle use, drug possession)","Flock cameras in Gaston County flagged a stolen vehicle on July 26, 2026, enabling Mount Holly police to locate and stop the car at an apartment complex in Belmont, resulting in the arrest of three suspects including a convicted felon found with a loaded handgun and a driver with an outstanding warrant.",WBTV,https://www.wbtv.com/2026/07/30/flock-cameras-flag-stolen-car-gaston-county-leading-3-arrests/,,high
23,2026-08-13,2026-06-15,North Olmsted,OH,vehicle theft,Flock alert located stolen vehicle in parking lot,"two suspects arrested, child rescued",Police used Flock cameras to locate a vehicle stolen in an armed robbery in Cleveland and found an 8-year-old child inside. Two suspects were arrested without further incident.,Cleveland 19 News,https://www.cleveland19.com/2026/06/17/police-arrest-2-after-flock-cameras-alerted-them-car-stolen-cleveland-was-city/,,high
24,2026-08-13,2026-07-05,Vicksburg,MS,theft/larceny,Real-time alert located stolen vehicle within city limits,"Vehicle recovered, suspect arrested",Vicksburg police recovered a truck stolen through a fraudulent sale and arrested Tevaughntae Rashad Owens after a Flock camera system alert notified officers the vehicle was in the city. The Flock LPR system significantly shortened the investigation by providing a real-time alert.,WLBT,https://www.wlbt.com/2026/07/05/vicksburg-pd-credits-flock-cameras-with-locating-stolen-truck-arresting-suspect/,https://vicksburgnews.com/flock-camera-system-helps-vicksburg-police-recover-stolen-truck/,high
25,2026-08-13,2026-05-24,Petaluma,CA,theft/larceny,LPR alert identified suspect vehicle location,arrest,"A 19-year-old was arrested after allegedly driving the getaway vehicle in a 7-Eleven cigarette theft on May 24. Petaluma police used the city's Flock camera system to locate the suspect vehicle parked nearby, leading to the driver's apprehension.",Petaluma Argus-Courier,https://www.petalumanews.com/2026/05/29/theft-suspect-in-petaluma-captured-using-flock-cameras-police-say/,,high
26,2026-08-13,2026-06-30,Pryor Creek,OK,vehicle theft,Real-time alert identified stolen trailer in jurisdiction,"Driver arrested, trailer recovered","A Flock alert notified Pryor Creek police of a stolen U-Haul trailer traveling through their jurisdiction on June 30, 2026. Officer Gibson located and stopped the vehicle, leading to the arrest of driver Michael Eugene Leffler and recovery of the trailer stolen from Tulsa.",KOAM News Now,https://www.koamnewsnow.com/news/joplin-news-first/flock-camera-alerts-stolen-trailer-driver-arrested-trailer-recovered-in-pryor/article_ad59aa78-ff8e-4259-b4ac-0ee3b018b8a6.html,,high
28,2026-08-13,2026-07-30,,,vehicle theft,detected stolen vehicle,vehicle identified,"A Flock Camera detected a stolen vehicle, leading to an incident in which two police cruisers were rammed.",Eyewitness News (WEHT/WTVW),https://www.tristatehomepage.com/news/crime/stollen-vehicle-call-ends-with-rammed-epd-patrol-car/,,low
29,2026-08-13,2026-04-21,Huntersville,NC,vehicle theft,LPR hit located suspect vehicle,arrest,Huntersville police used a Flock camera to locate and apprehend a suspect in connection with a stolen vehicle.,Queen City News,https://www.qcnews.com/news/u-s/north-carolina/mecklenburg-county/huntersville/flock-camera-leads-huntersville-police-to-stolen-vehicle-arrest/,,medium
30,2026-08-13,2026-07-23,Gulf Shores,AL,robbery,LPR data helped locate suspect vehicle,"8 suspects arrested, firearms recovered",Eight suspects were arrested for an armed robbery at a Gulf Shores residence where guns were stolen and victims were threatened. Flock Safety camera data helped police rapidly locate the suspect vehicle and identify the perpetrators.,1819 News,https://1819news.com/news/item/gulf-shores-police-credit-flock-camera-data-in-tracking-armed-robbery-suspects-8-teens-arrested,,high
31,2026-08-13,2026-08-04,Gastonia,NC,burglary,Real-time alert identified suspect vehicle wanted in burglary investigation,"Six arrests, stolen dog recovered, explosive device seized","Gastonia Police used a Flock camera alert to identify a vehicle connected to a Burke County burglary where a dog and gun were stolen. The subsequent traffic stop and search warrant led to the recovery of the stolen dog, discovery of an improvised explosive device, and arrests of six individuals on drug and weapons charges.",Yahoo,https://www.yahoo.com/news/us/articles/flock-camera-leads-six-arrests-175246503.html,https://www.wbtv.com/2026/08/04/6-arrested-stolen-dog-rescued-after-flock-cameras-flag-wanted-vehicle-gaston-county/,high
32,2026-08-13,2026-07-22,Haverhill,MA,theft/larceny,LPR alert detected stolen license plates on vehicle,arrest and charges filed,"A Flock LPR camera in Haverhill detected stolen Massachusetts license plates attached to a gray Subaru on July 22, 2026. Officers responded to the alert, located the vehicle, and arrested the driver, 67-year-old Meredith Collins of Georgetown, who was charged with receiving stolen property and related vehicle violations.",News Link Live,https://newslinklive.com/2026/08/06/georgetown-woman-arrested-after-flock-camera-detects-stolen-plates-on-subaru-in-haverhill/,,high
33,2026-08-13,2026-06-16,Whitfield County,GA,vehicle theft,LPR hit identified stolen vehicle license plate and travel direction,"arrest, vehicle recovered","A Flock camera detected a stolen vehicle on I-75 in Whitfield County, Georgia, leading deputies to attempt a traffic stop. The 22-year-old driver fled and crashed during the pursuit, resulting in arrest and multiple charges.",Local 3 News,https://www.local3news.com/local-news/update-driver-of-stolen-car-spotted-by-flock-camera-crashes-during-pursuit-on-i-75/article_eed220e0-e59a-4055-833e-a27a3cee4565.html,,high
34,2026-08-13,2026-01-09,Hampton,TN,theft/larceny,footage captured suspect's facial images during camera removal,arrest,"A Hampton man was arrested for stealing a Flock traffic camera and throwing it into a river. The camera's own images captured clear facial photos of the suspect, which led investigators to identify and apprehend him.",WCYB,https://wcyb.com/news/local/hampton-man-accused-of-stealing-flock-traffic-camera-throwing-it-in-river,,high
35,2026-08-13,2026-07-05,Louisville,KY,vehicle theft,LPR alert detected stolen motorcycle and tracked its location,"arrest, methamphetamine seized","Louisville Metro Police used Flock Safety camera alerts to locate and stop Anthony Richardson riding a stolen motorcycle on July 5, 2026. Officers arrested Richardson and seized one ounce of methamphetamine from him.",WDRB,https://www.wdrb.com/news/crime-reports/lmpd-credits-flock-cameras-for-arrest-involving-stolen-motorcycle-drug-possession/article_2db758c1-0da3-45ca-b9af-e91ad6035971.html,,high
36,2026-08-13,2026-06-21,Thomaston,GA,vehicle theft,LPR detected stolen vehicle passing camera on Avenue F,vehicle recovered,"A vehicle stolen from a 6th Avenue residence early Sunday morning (June 21) was recovered the same afternoon with assistance from the Flock camera system, which detected the car passing a camera on Avenue F at 2:20 a.m., enabling officers to locate and pursue it.",upsonbeacon.com,https://www.upsonbeacon.com/news/tpd-stolen-car-recovered-same-day-with-flock/article_38e1b0b0-fe22-42f0-a480-01d776fcb274.html,,high
37,2026-08-13,2026-02-20,Evansville,IN,robbery,LPR identified suspect vehicle license plate; real-time tracking located suspect,"arrest, charges filed","On February 20, 2026, an elderly woman in Evansville was robbed at knifepoint by a man who followed her home from a casino. Detectives used Flock camera footage to identify the suspect vehicle's license plate, track the victim's route to confirm she was followed, and locate the suspect vehicle in real time, leading to the arrest of Minh Quang Ton on burglary and robbery charges.",Vanderburgh County Sheriff's Office,https://vanderburghsheriff.org/detectives-utilize-flock-cameras-to-identify-and-locate-robbery-suspect/,,high
38,2026-08-13,2026-04-09,,KY,fugitive apprehension,identified suspect leading to arrest,arrest,Flock Safety cameras assisted in locating and apprehending a man wanted in Kentucky.,The Marion Star,https://www.marionstar.com/story/news/crime/2026/04/09/marion-county-arrest-made-after-stolen-bronco-found-with-flock-camera/89519341007/,,low
39,2026-08-13,2026-05-26,Lewiston,ME,vehicle theft,LPR system located stolen vehicle,"vehicle located, pursuit initiated","Flock cameras assisted Lewiston police in locating a stolen truck, leading to a pursuit.",newscentermaine.com,https://www.newscentermaine.com/video/news/local/lewiston-auburn/flock-cameras-assist-lewiston-police-in-locating-a-stolen-truck-pursuit-follows/97-80643a1a-781a-4d52-9a9f-72f32bd3190e,,medium
40,2026-08-13,2026-07,Callahan,FL,theft/larceny,Flock camera caught stolen trailer on camera,three arrests,"Three people were arrested after stealing over $19,000 in baseball gear and equipment from West Nassau High School. A Bradford County Flock camera captured the stolen trailer, providing key evidence that helped investigators identify the suspects and close the months-long investigation.",104.5 WOKV,https://www.wokv.com/news/local/disrupted-their-season-nassau-sheriff-shares-details-after-triple-arrest-stolen-baseball-gear/2JRUFKOC3RGLTDO2QB4WFBYMLA/,,high
41,2026-08-13,2026-07-13,Houston,TX,robbery,LPR system located suspect vehicle at identified location,arrest,"A man robbed a First Convenience Bank on Eastex Freeway on July 13, 2026, using a note claiming to have a gun. Harris County authorities used Flock camera systems to identify and locate the suspect's vehicle, leading to the arrest of Jonathan Black, who was found with the stolen money and the note.",ABC13 Houston,https://abc13.com/post/hcso-credits-flock-cameras-bank-robbery-suspects-arrest/19513819/,,high
42,2026-08-13,2026-07-10,,,vehicle theft,real-time alert located stolen vehicle,"vehicle recovered, arrest made","A Flock camera alert led police to a stolen vehicle, resulting in the arrest of a 15-year-old driver.",MLive.com,https://www.mlive.com/news/kalamazoo/2026/07/flock-camera-alert-leads-police-to-stolen-vehicle-arrest-of-15-year-old-driver.html,,medium
43,2026-08-13,2026-05-12,Lewisville,TX,vehicle theft,Flock camera alert identified stolen vehicle,"arrest, methamphetamine seized, stolen property recovered","Lewisville PD received a Flock camera alert on Sunday about a suspected stolen vehicle and located it shortly after. Upon pulling over the vehicle, officers arrested Andrew Robinson and discovered nearly 30 grams of methamphetamine and property stolen from a vehicle in Highland Village.",crosstimbersgazette.com,https://www.crosstimbersgazette.com/2026/05/14/cameras-help-lewisville-pd-seize-meth-in-stolen-car-find-man-that-broke-into-car-in-highland-village/,,high
44,2026-08-13,2026-05-20,West Memphis,AR,vehicle theft,"LPR detected stolen vehicle, led to traffic stop","arrest, weapons recovered","Two teenagers were caught after a multi-state crime spree involving a stolen truck and multiple burglaries. A Flock camera captured the stolen vehicle in West Memphis on May 20, enabling police to stop the suspects and recover 12 stolen guns and other property.",WSMV,https://www.wsmv.com/2026/05/22/teens-caught-tn-with-dozen-stolen-guns-after-alleged-multi-state-crime-spree/,,high
45,2026-08-13,2026-06-16,Alexandria,VA,other,LPR hit identified suspect vehicle with distinctive damage,arrest and charges filed,A 21-year-old man was arrested for destroying multiple Flock Safety cameras across Alexandria using a baseball bat. A Flock camera LPR hit on his damaged Subaru Forester at Commonwealth Avenue and E. Uhler Avenue identified him as the suspect operating the vehicle during the time of the destruction spree.,ALXnow,https://www.alxnow.com/2026/07/14/alexandria-man-arrested-for-allegedly-destroying-multiple-license-plate-readers/,,high
46,2026-08-13,2026-08-04,Morgantown,WV,,investigation assistance,arrest,An alleged accomplice was arrested in connection with a Morgantown case in which Flock cameras assisted the investigation.,WBOY.com,https://www.wboy.com/news/crime/wvu-student-accused-of-destroying-flock-cameras/,,low
47,2026-08-13,2026-07-02,Boone,NC,homicide,"ALPR alert flagged suspect vehicle entering town, enabling real-time location and apprehension",arrest,"A 20-year-old South Carolina man wanted for murder was arrested at the Watauga County Recreation Center after a Flock Safety automated license plate reader alert notified police of his vehicle entering Boone on July 2, 2026. The real-time alert allowed officers to quickly locate and take the suspect into custody.",Watauga Democrat,https://www.wataugademocrat.com/news/local/boone-pd-flock-camera-leads-to-arrest-of-south-carolina-murder-suspect/article_8236ed3f-dadc-4c5e-b2d7-e8e4227599e6.html,https://wataugaonline.com/flock-alpr-alert-leads-to-arrest-of-south-carolina-murder-suspect/ https://whky.com/murder-suspect-wanted-in-south-carolina-arrested-in-boone-following-flock-safety-alert/,high
48,2026-08-13,2026-05,Manor,TX,shooting,LPR identified suspects' vehicles,three suspects arrested,"A shooting spree across Austin resulted in four injuries over several days. Manor Police Department used its Flock Safety ALPR network to identify the suspects' vehicles, leading to the swift apprehension of three juvenile suspects and ending the spree.",Police1,https://www.police1.com/law-enforcement-policies/austin-mayor-top-cop-alpr-system-could-have-led-to-quicker-arrests-in-shooting-spree,,high
49,2026-08-13,2026-07-08,Boone,NC,homicide,assisted in suspect apprehension,arrest,A Flock camera helped Boone police arrest a South Carolina murder suspect. The system played a direct role in locating and apprehending the suspect.,WCNC,https://www.wcnc.com/article/news/crime/south-carolina-murder-suspect-arrested-boone-north-carolina-flock-camera-license-plate-reader/275-893aacde-59c6-474f-9982-a3e387d3a9f7,,medium
50,2026-08-13,2026-05-06,Kentwood,MI,hit and run,"LPR timeline established vehicle presence before and after collision, identifying mirror loss and headlight damage",arrest and charged with felony failure to stop at scene of accident resulting in death,"A 17-year-old was fatally struck by a vehicle in Kentwood on May 6, 2026. Flock cameras captured the suspect vehicle three times that evening, documenting the loss of a side mirror and headlight damage consistent with the collision, which helped investigators identify and arrest the driver.",GlobeNewswire,https://www.globenewswire.com/news-release/2026/07/28/3334597/0/en/flock-cameras-build-timeline-that-leads-to-arrest-in-fatal-kentwood-hit-and-run.html,,high
51,2026-08-13,2026-05-02,Wichita,KS,homicide,LPR data generated leads used overnight investigation,suspect arrested on felony murder charge,"A man was shot multiple times in a Wichita parking lot on May 2, 2026, and died from his injuries. Flock camera data helped investigators generate leads that led to the arrest of a 26-year-old suspect by Sunday morning.",GlobeNewswire,https://www.globenewswire.com/news-release/2026/07/28/3334596/0/en/flock-camera-data-helps-wichita-police-arrest-murder-suspect-overnight.html,,high
52,2026-08-13,2026-07-22,Defiance,OH,abduction/missing person,Flock camera flagged vehicle associated with missing person case,"missing person found safe, arrest made, drugs seized","Defiance police stopped a vehicle on July 22 after a Flock Safety camera flagged it as associated with an active missing person investigation. The stop led to the recovery of a missing person in good health, the arrest of Josue Valdez Flores, and the seizure of approximately 20 pounds of suspected marijuana and cocaine.",WTVG,https://www.13abc.com/2026/07/23/defiance-police-find-missing-person-20-pounds-drugs-after-flock-camera-flags-vehicle/,,high
53,2026-08-13,2026-05-03,Ankeny,IA,hit and run,LPR confirmed license plate number of suspect vehicle,arrest,"A 14-year-old girl was struck by a vehicle while riding an electric scooter in Polk County on May 3, 2026, and the driver fled. Flock LPR cameras confirmed the suspect vehicle's license plate, enabling deputies to identify and arrest an 18-year-old man approximately 90 minutes after the incident.",Yahoo Finance Singapore,https://sg.finance.yahoo.com/news/flock-lpr-tesla-footage-combine-153500121.html,https://www.globenewswire.com/news-release/2026/07/28/3334518/0/en/flock-lpr-and-tesla-footage-combine-to-help-polk-county-deputies-arrest-hit-and-run-suspect-in-90-minutes.html,high
54,2026-08-13,2026-05-10,Wichita,KS,homicide,Flock camera technology used to identify and locate suspect,arrest,"A 24-year-old man was shot and killed in downtown Wichita on May 10, 2026. Flock camera technology, along with other tools, was used to identify and locate the suspect, a 22-year-old man who was arrested in connection with the homicide.",GlobeNewswire,https://www.globenewswire.com/news-release/2026/07/28/3334284/0/en/flock-cameras-help-wichita-police-arrest-homicide-suspect-in-downtown-shooting.html,,high
55,2026-08-13,2026-07-06,Ketchum,ID,assault,"LPR identified suspect vehicle at traffic light, led to vehicle location and arrest",arrest,"A suspect pointed a gun at a homeowner in Ketchum, Idaho. Blaine County deputies used Flock Safety cameras to identify the suspect's license plate at a traffic light, locate the vehicle, and arrest Robert Arthur Lengkeek on felony aggravated assault charges.",KMVT,https://www.kmvt.com/2026/07/14/flock-cameras-help-deputies-arrest-suspect-accused-pointing-gun-homeowner-blaine-county/,,high
56,2026-08-13,2026-05-01,Federal Way,WA,homicide,LPR identified suspect vehicle in area prior to shooting,arrest and charged with first-degree murder,"A man was fatally shot at his Federal Way home on May 1, 2026. Flock cameras captured the suspect's red Subaru in the area in the 24 hours before the shooting, helping locate and identify the suspect, who was arrested the following day in Spokane.",GlobeNewswire,https://www.globenewswire.com/news-release/2026/07/28/3334658/0/en/flock-lpr-helps-resolve-federal-way-murder-arrest-follows-the-next-day.html,,high
57,2026-08-13,2026-05-05,Baton Rouge,LA,shooting,"LPR identified suspect vehicle, enabling rapid arrest",three suspects arrested,"Three cousins were arrested within minutes of shooting a teenager exiting a school bus in East Baton Rouge Parish on May 5, 2026. Flock LPR cameras and license plate reader technology allowed deputies to quickly identify and locate the suspect vehicle before the suspects could flee the area.",GlobeNewswire,https://www.globenewswire.com/news-release/2026/07/28/3334488/0/en/flock-lpr-helps-east-baton-rouge-deputies-arrest-three-suspects-in-school-bus-shooting-within-minutes.html,,high
58,2026-08-13,2025-12,Columbus,OH,homicide,"LPR network located suspect vehicle, leading to suspect identification",suspect arrested and charged with aggravated murder,"Spencer and Monique Tepe were fatally shot in their Columbus home in late December 2024. Columbus police used Flock Safety's license plate reading camera system to locate a suspect, Michael McKee, who has been charged with aggravated murder in their deaths.",The Columbus Dispatch,https://www.dispatch.com/story/news/local/2026/08/10/tepe-family-weighs-in-on-columbus-flock-debate-as-police-defend-tool/91248509007/,,high
59,2026-08-13,2026-08-04,Laredo,TX,theft/larceny,LPR identified suspects in convenience store thefts,3 suspects caught,Laredo Police Department used a Flock Safety camera to identify and catch 3 suspects involved in convenience store thefts. The camera system assisted in locating and apprehending the perpetrators.,KGNS,https://www.kgns.tv/video/2026/08/05/lpd-uses-flock-safety-camera-catch-3-suspects-convenience-store-thefts/,,high
60,2026-08-13,2026-04-23,Brookhaven,GA,shooting,LPR identified same vehicle across multiple shooting locations,suspect identified and taken into custody,"Three people were killed in a series of shootings across Brookhaven and DeKalb County, Georgia with no initial suspect connection. Flock LPR cameras, including one placed in an HOA community, identified the same vehicle across multiple crime scenes, providing the critical lead that allowed law enforcement to identify and arrest a suspect within hours.",Flock Safety,https://www.flocksafety.com/blog/how-an-hoa-lpr-camera-helped-identify-a-suspect-in-a-deadly-shooting-spree,,high
61,2026-08-13,2026-05-11,Columbia,MO,homicide,LPR identified suspect vehicle from Flock camera images,arrest and indictment on murder charges,"A woman's body was discovered in a trash bin in Boone County, Missouri. Flock cameras captured images of a red pickup truck carrying a matching trash bin on the suspected date of the incident, allowing investigators to identify and arrest the suspect within days.",GlobeNewswire,https://www.globenewswire.com/news-release/2026/07/27/3333562/0/en/flock-lpr-helps-identify-murder-suspect-vehicle-in-boone-county-missouri.html,,high
62,2026-08-13,2025-09-20,Fountain,CO,assault,Real-time alert identified suspect vehicle on warrant,Arrest of attempted murder suspect,"On September 20, 2025, the Flock Safety camera system detected a vehicle associated with attempted murder suspect Michael McGinnis near Highway 85 and Main Street in El Paso County. The real-time alert enabled Fountain Police to quickly locate and arrest McGinnis without incident.",El Paso County Sheriff’s Office,https://epcsheriffsoffice.com/flock-safety-cameras-assist-in-arrest-of-attempted-murder-suspect/,,high
63,2026-08-13,2026-02-13,Detroit,TX,vehicle theft,"LPR alert detected stolen motorcycle entering county, enabling interception","motorcycle recovered, suspect arrested","A stolen motorcycle was recovered and its possessor, Gary Wayne Buford, was arrested in Detroit, Texas, after a Flock Safety LPR alert notified deputies that the vehicle had entered Red River County. Deputies coordinated to intercept the motorcycle and conducted a systematic search that resulted in its recovery and Buford's arrest on theft and drug possession charges.",MyParisTexas,https://myparistexas.com/stolen-motorcycle-recovered-suspect-arrested-following-flock-safety-alert/,,high
64,2026-08-13,2026-07-07,Monroe,NC,burglary,"LPR system identified getaway vehicle and license plate, traced across state lines",suspect arrested and charged,"A violent burglary occurred at Monroe Tobacco and Stuff where a shot was fired at an employee. The Flock Safety camera system helped police identify the suspect's vehicle and license plate, leading to the apprehension of Sherwin Alfonzo Green in South Carolina.",WSOC TV,https://www.wsoctv.com/news/local/violent-burglary-suspect-apprehended-with-help-flock-camera-system/I5RMO3IVBJGHXJNJDLV7FD3PJI/,,high
65,2026-08-13,2026-04-30,Berea,KY,robbery,LPR data located suspect vehicle during manhunt,suspect apprehended following high-speed chase,"Two bank employees were killed during a U.S. Bank robbery in Berea, Kentucky on April 30, 2026. Flock camera data combined with other investigative tools helped authorities locate the suspect's vehicle, leading to his capture in Lexington following a high-speed pursuit.",GlobeNewswire,https://www.globenewswire.com/news-release/2026/07/28/3334892/0/en/flock-cameras-aid-multi-agency-manhunt-for-suspect-in-deadly-berea-bank-robbery.html,,high
66,2026-08-13,2026-07-27,Titusville,FL,homicide,Flock camera alert identified suspect vehicle entering city,suspect apprehended following police chase,A homicide suspect died after a police chase ended in a crash at Sand Point Park in Titusville. Titusville's Flock Safety camera system alerted officers that the suspect's vehicle had entered the city.,Florida Today,https://www.floridatoday.com/story/news/2026/07/27/homicide-suspect-found-dead-at-park-after-police-chase-in-titusville/91072246007/,,high
67,2026-08-13,2026-04-09,Kenner,LA,theft/larceny,LPR tracking helped locate theft suspect,suspect tracked down,Flock Safety cameras assisted Kenner police in identifying and tracking down a theft suspect within 24 hours of the incident.,WGNO,https://wgno.com/video/flock-safety-cameras-help-kenner-police-track-down-theft-suspect-in-less-than-24-hours/11684901/,,low
68,2026-08-13,2026-05-02,Louisville,KY,shooting,LPR identified suspect vehicle driver,"arrest, charged with assault and wanton endangerment","A man was shot during a road rage incident on Blue Lick Road in Louisville on May 2, 2026. Flock camera data allowed detectives to identify the suspect vehicle's driver, leading to his arrest the same day and charges for assault and wanton endangerment.",GlobeNewswire,https://www.globenewswire.com/news-release/2026/07/28/3334612/0/en/flock-lpr-helps-louisville-police-identify-road-rage-shooting-suspect-the-same-day.html,,high
69,2026-08-13,2026-05-02,Amarillo,TX,shooting,LPR identified suspect SUV license plate and location before and after shooting,"three individuals charged with first-degree murder, firearms recovered","A mass shooting at an Amarillo apartment complex on May 2, 2026 killed two and wounded ten. Flock LPR cameras identified the suspect vehicle's license plate and traced it to an address, leading to a traffic stop that recovered firearms matching the crime scene and resulted in three murder charges.",GlobeNewswire,https://www.globenewswire.com/news-release/2026/07/28/3334609/0/en/flock-lpr-helps-amarillo-detectives-identify-suspect-suv-in-mass-shooting-that-killed-two-and-wounded-ten.html,,high
70,2026-08-13,2026-04-29,Redding,CA,shooting,ALPR verified suspect vehicle presence at scene,suspect arrested,"A shooting at the Shasta County Office of Education in Redding left one person injured. The newly installed Flock ALPR system helped investigators verify that the suspect's primer gray Dodge Charger was at the location before the shooting, assisting in identification through vehicle registration records; the suspect was arrested two days later.",GlobeNewswire,https://www.globenewswire.com/news-release/2026/07/28/3334890/0/en/newly-installed-flock-lpr-system-helps-identify-attempted-murder-suspect-in-redding.html,,high
71,2026-08-13,2026-04-25,Indianapolis,IN,shooting,LPR identified suspect vehicle and confirmed occupants' descriptions,two suspects arrested on preliminary charges of criminal recklessness with a deadly weapon and intimidation,"On April 25, 2026, shots were fired at a woman from another vehicle on Interstate 465 in Indianapolis. Flock camera data helped identify the suspect vehicle (gray Ford Escape with temporary plate) and its occupants, leading to the arrest of two men within three days.",GlobeNewswire,https://www.globenewswire.com/news-release/2026/07/28/3334891/0/en/flock-lpr-helps-indiana-state-police-identify-suspects-in-i-465-shooting-within-days.html,,high
72,2026-08-13,2025-12-13,Providence,RI,shooting,LPR tracking located suspect vehicle across multiple sightings,suspect located and apprehended,"Flock Safety cameras in Providence tracked a grey Nissan with Florida plates linked to the Brown University shooting, recording 14 sightings between December 1-13. The LPR system continued tracking the vehicle even after the suspect changed the license plate, helping police locate 48-year-old Claudio Manuel Neves Valente.",NBC Boston,https://www.nbcboston.com/news/local/ai-brown-university-mit-investigation/3865328/,https://www.cbsnews.com/boston/news/brown-university-mit-professor-shooting-flock-cameras-car/ https://www.wmur.com/article/license-plate-technology-brown-university-shooter/69823420 https://www.egyptindependent.com/the-tech-firm-that-helped-police-find-the-brown-shooting-suspect-has-sparked-privacy-concerns-its-ceo-responds/ https://www.wsbtv.com/news/local/how-georgia-company-helped-catch-brown-university-shooter/QB7NEVWSLBAJ3I4UBASFEGSK3Y/,high
73,2026-08-13,2026-03-15,Olympia,WA,shooting,tracked suspects,suspects located,"Investigators used Flock cameras to track down suspects involved in a shooting in Olympia, Washington.",The Olympian,https://www.theolympian.com/news/local/crime/article315048005.html,,medium
74,2026-08-13,2026-06-11,Gwinnett County,GA,homicide,Flock alert led to suspect arrest,arrest,Gwinnett County police arrested a homicide suspect with the assistance of a Flock alert.,11Alive.com,https://www.11alive.com/article/news/flock-alert-helps-gwinnett-county-police-arrest-homicide-suspect/85-35e91634-fdcf-405a-b9c2-59f2f23e884b,,medium
75,2026-08-13,2026-07-27,Mesa,AZ,shooting,LPR data identified suspect vehicle and linked to local address,"arrest, firearm recovered","A man was shot in a Target store restroom in Mesa, Arizona. Flock LPR technology identified the suspect's blue Toyota Camry and traced it to a local address, leading to the arrest of a 21-year-old suspect the following day and recovery of the weapon.",GlobeNewswire,https://www.globenewswire.com/news-release/2026/07/28/3334660/0/en/flock-lpr-links-suspect-vehicle-to-target-store-shooting-arrest-made-in-one-day.html,,high
76,2026-08-13,2026-05-04,Bowling Green,KY,other,LPR detected suspect vehicle across three states during 48-hour flight,arrest on two counts of first-degree sodomy,"A 37-year-old Grayson County man fled Kentucky after being accused of child sexual abuse. Flock cameras detected his vehicle traveling through Alabama, Florida, and Tennessee, leading to his arrest in Bowling Green on May 4, 2026, on charges of two counts of first-degree sodomy.",GlobeNewswire,https://www.globenewswire.com/news-release/2026/07/28/3334629/0/en/flock-lpr-detects-fleeing-suspect-across-three-states-leading-to-arrest-on-child-sodomy-charges.html,,high
77,2026-08-13,2026-07-19,Cleveland,OH,carjacking,LPR system located stolen vehicle,"3 arrests, stolen vehicle recovered, 3 guns recovered","On July 19, 2026, Cleveland Police used Flock Safety license plate reader technology to locate a car stolen during an armed carjacking in the 7900 block of Colgate Avenue. Officers found the vehicle in the 3400 block of West 98th Street using Flock cameras, arrested three suspects, and recovered three firearms.",Cleveland 19 News,https://www.cleveland19.com/2026/07/27/cleveland-police-arrest-3-carjacking-suspects-find-3-guns-stolen-car/,,high
78,2026-08-13,2026-03-03,Buda,TX,burglary,LPR and store footage helped identify suspect,arrest,"A San Antonio man was arrested for vehicle burglaries and credit card fraud in the Garlic Creek subdivision in Buda. Flock Safety cameras, along with store surveillance footage and prior police contact, helped identify the suspect.",cbsaustin.com,https://cbsaustin.com/news/local/flock-safety-cameras-store-video-help-id-suspect-in-buda-vehicle-burglaries-fraud,,high
79,2026-08-13,2026-05-08,Austin,TX,homicide,"LPR alert identified suspect vehicle, leading to traffic stop and arrest","arrest, charged with murder","A man was fatally shot in Austin on May 8, 2026. Two days later, a Flock LPR alert notified Cibolo officers that a vehicle connected to a felony warrant was in their area, leading to the suspect's apprehension within the hour and his subsequent charge for murder.",GlobeNewswire,https://www.globenewswire.com/news-release/2026/07/28/3334474/0/en/flock-lpr-alert-leads-cibolo-officers-to-murder-suspect-after-austin-shooting.html,,high
80,2026-08-13,2026-04-07,Marion,OH,vehicle theft,LPR hit flagged stolen vehicle location,"suspect apprehended, charges filed","Marion County deputies used Flock Safety camera technology to locate a stolen 2024 Ford Bronco in a Meijer parking lot on April 7, 2026, leading to the apprehension of Jacob Wayne Dulaney, who was also wanted for weapons charges.",Marion County Now,https://marioncountynow.com/news/277772-marion-county-deputies-utilize-flock-safety-technology-to-apprehend-suspected-felon-in-stolen-vehicle-incident/,,high
81,2026-08-13,,Acworth,GA,robbery,aided in arrest of suspect,arrest,"Flock cameras assisted police in the arrest of an armed robbery suspect in Acworth, Georgia.",11Alive.com,https://www.11alive.com/article/news/police-say-flock-cameras-aided-in-arrest-of-atlanta-armed-robbery-suspect-in-acworth/85-4d0eb4c8-1ba1-4bfc-b3ce-4ca6cc24853e,https://www.wsbradio.com/news/local/flock-cameras-help-police-capture-robbery-suspect-wanted-atlanta/BYJGTZ5WD5C2JMFV4MHWVWF25I/,medium
82,2026-08-13,2026-05-01,Crest Hill,IL,assault,LPR footage placed suspect vehicle at scene and corroborated witness accounts,"arrest warrant issued, suspect captured and booked on multiple charges","A road rage confrontation in Crest Hill turned violent when a driver stabbed another driver's hand with a knife. Flock LPR footage placed the suspect's vehicle at the scene and corroborated witness accounts, contributing to the suspect's identification, arrest warrant, and capture.",GlobeNewswire,https://www.globenewswire.com/news-release/2026/07/28/3334628/0/en/flock-lpr-footage-helps-build-case-against-road-rage-knife-attack-suspect-in-crest-hill.html,,high
83,2026-08-13,2026-04-04,Auburn,WA,vehicle theft,"LPR detected stolen vehicle, alert allowed officer to locate it","vehicle recovered, suspect arrested","Auburn police used Flock Safety's license plate reader to detect a stolen vehicle traveling through the city early on April 4. The alert allowed officers to locate and stop the vehicle, though the driver initially fled; multiple officers disabled the car and took the driver into custody.",KOMO,https://komonews.com/news/local/auburn-police-use-flock-safety-cameras-to-recover-stolen-car-arrest-suspect-traffic-commute-highway-crime-investigation-license-plate-reader-privacy-security-chase-pursuit,,high
84,2026-08-13,2026-06-07,Macon,GA,homicide,"LPR identified suspect vehicle traveling south on Harrison Road, enabling pursuit and apprehension","arrest, murder charges filed","A woman was shot at a Macon gas station on June 7, 2026, and later died from her injuries. Flock LPR cameras detected the suspect's vehicle fleeing south on Harrison Road, allowing deputies to locate, pursue, and arrest the suspect.",GlobeNewswire,https://www.globenewswire.com/news-release/2026/07/18/3329337/0/en/flock-lpr-helps-bibb-county-deputies-locate-murder-suspect-fleeing-macon.html,,high
85,2026-08-13,2024-12-16,Brookline,MA,homicide,LPR system located suspect vehicle and captured images across jurisdictions,suspect vehicle located and identified,Flock Safety cameras helped authorities locate a rental car linked to the Brown University shooting suspect and an MIT professor's murder in Brookline. The system captured images of the vehicle in Providence and Massachusetts in the days following the December 16 shooting.,The Boston Globe,https://www.bostonglobe.com/2025/12/19/business/brown-shooting-vehicle-picture/,,high
86,2026-08-13,2026-03-05,Wayne County,UT,homicide,LPR network identified and located suspect vehicle across state lines,suspect arrested in Colorado,"Ivan Miller, 22, suspected of killing three women in Wayne County, Utah, was captured in Colorado through Flock Safety license plate recognition cameras that tracked his vehicle across state lines. The LPR system enabled rapid identification and apprehension of the violent fugitive suspect.",KSL.com,https://www.ksl.com/article/news/utah/police-and-courts/license-plate-recognition-cameras-help-capture-triple-homicide-suspect/51590523,,high
87,2026-08-13,2025-11-16,Kent,WA,robbery,LPR system tracked suspect vehicle from Kent into Auburn,suspect arrested and booked for first-degree robbery,"A man robbed an espresso stand in Kent at gunpoint on November 16, 2025. Officers used Flock Safety Cameras to track the suspect's white vehicle heading into Auburn, leading to the vehicle's location and the suspect's eventual apprehension after a standoff.",FOX 13 Seattle,https://www.fox13seattle.com/news/kent-police-flock-cameras,https://www.kiro7.com/news/local/kent-espresso-stand-robbery-suspect-tracked-by-flock-cameras-found-hiding-auburn-apartment/JNB3SHPQTVGXJM7LZACTPSPOEY/,high
88,2026-08-13,2026-03-31,,,shooting,assisted in apprehension of suspects,two suspects apprehended,Flock technology assisted QPD in apprehending two suspects following a shooting on 5th Street.,KHQA,https://www.khqa.com/news/archive/flock-technology-helps-qpd-apprehend-two-suspects-after-shots-fired-on-5th-street/article_f0b23b28-3f91-5758-91a0-ff096359939c.html,,low
89,2026-08-13,2026-03,"Rohnert Park, Santa Rosa, Oakland",CA,other,LPR tracked suspect vehicles across multiple jurisdictions,10 vehicles seized and impounded,"Oakland Police Department used Flock automated license plate reader cameras to track and seize 10 vehicles linked to illegal sideshows across the Bay Area, including from Rohnert Park, Santa Rosa, and other cities. The cameras enabled police to identify and locate vehicles involved in the rogue street takeovers.",Patch,https://patch.com/california/rohnertpark-cotati/watch-flock-cameras-used-track-down-sideshow-suspects-north-bay,https://patch.com/california/berkeley/watch-oakland-flock-cameras-used-track-down-sideshow-suspects-north-bay,high
90,2026-08-13,2026-04-14,Brookhaven,GA,shooting,LPR network identified suspect vehicle across multiple jurisdictions,suspect arrested,A shooting spree across the metro Atlanta area left two people dead and one injured over six hours. Flock Safety cameras' license plate reader network helped police track and apprehend 26-year-old Olaolukitan Adon Abel as the suspect.,AJC.com,https://www.ajc.com/news/2026/04/police-credit-cameras-tech-in-catching-suspect-after-shootings-left-two-dead/,,high
91,2026-08-13,2026-02-16,Sunnyvale,CA,assault,LPR alert located suspect vehicle in Los Gatos,arrest,"On February 16, Sunnyvale police responded to an armed assault but the suspect fled. A Flock Safety camera alert located the suspect's vehicle in Los Gatos the following day, leading police to execute an arrest warrant at the suspect's home where a loaded gun and additional magazines were recovered.",The Silicon Valley Voice,https://www.svvoice.com/sunnyvale-police-arrest-local-boy-with-help-from-license-plate-reader/,,high
92,2026-08-13,2026-01-17,Douglas County,CO,shooting,LPR identified suspect vehicle,arrest,"Mitchell Aaron Weber was arrested for a road rage shooting incident on Friday near Quebec Street and Wildcat Ridge in Douglas County, Colorado, in which he fired multiple times at another vehicle. A Flock Safety camera helped deputies identify the suspect vehicle, leading to his arrest on Saturday.",Colorado Politics,https://www.coloradopolitics.com/2026/01/19/flock-cameras-assist-in-road-rage-shooting-arrest-in-douglas-county/,,high
93,2026-08-13,2025-12-03,Shelby Township,MI,robbery,assisted in suspect arrest,arrest,"A Florida robbery suspect was arrested in Shelby Township, Michigan with assistance from the Flock Safety camera system.",The Detroit News,https://www.detroitnews.com/story/news/local/macomb-county/2025/12/03/florida-robbery-suspect-arrested-shelby-twp-assistance-flock-camera-system/87584299007/,,medium
94,2026-08-13,2025-12-20,Kent,WA,assault,Flock notification alerted officers to suspect vehicle location,arrest,"Kent Police arrested a domestic violence suspect wanted for a December 2025 assault in which he allegedly struck and strangled a victim. A Flock Safety camera notification led officers to locate the suspect's vehicle near 116th Avenue SE, resulting in a traffic stop and arrest without incident.",iLoveKent,https://ilovekent.net/kent-police-arrests-domestic-violence-suspect-after-bolo-alert-and-flock-camera-notification/,,high
95,2026-08-13,,,,hit and run,identified suspect,suspect identified,Flock cameras identified a suspect in a fatal pedestrian hit-and-run incident investigated by JCPD.,WJHL,https://www.wjhl.com/news/crime/jcpd-credits-flock-cameras-for-identifying-sunday-fatal-pedestrian-hit-and-run-suspect/,,low
96,2026-08-13,2025-07-08,Atlanta,GA,burglary,LPR captured suspect vehicle license plate,arrest and indictment,"A rental car used by Beyoncé's choreographer was broken into in an Atlanta parking garage on July 8, with unreleased music and equipment stolen. Flock LPR cameras captured the suspect vehicle's license plate, leading investigators to identify and arrest Kelvin Lanier Evans.",FOX 5 Atlanta,https://www.fox5atlanta.com/news/unreleased-beyonce-tracks-suspected-thief-caught-using-flock-cameras,,high
97,2026-08-13,2025-09-06,El Paso County,CO,vehicle theft,Alerts located stolen vehicle; second alert directed deputies to suspect's location,"Suspect arrested, vehicle recovered","Flock Safety cameras alerted deputies to a stolen 2007 Jeep Liberty in El Paso County on September 6, 2025. A second Flock alert enabled law enforcement to locate and apprehend the armed and dangerous suspect, Arturo Velasquez, who was found with methamphetamine and charged with multiple felonies.",El Paso County Sheriff’s Office,https://epcsheriffsoffice.com/stolen-vehicle-suspect-arrested-after-collision-with-law-enforcement/,,high
98,2026-08-13,2025-10-30,Lockhart,TX,other,LPR hit identified suspect vehicle tied to outstanding warrants,arrest,"Caldwell County deputies used Flock's license plate recognition system to spot a vehicle connected to a suspect with multiple outstanding warrants for voyeurism offenses. The system flagged the vehicle inside Caldwell County, enabling deputies to apprehend Ramiro Aviles Orduna without incident.",Lockhart Post Register,https://post-register.com/cameras-help-catch-wanted-suspect/,,high
99,2026-08-13,2024-08,"Multiple (Volusia County, Garden City, Gary, Dunwoody, Spokane County, Fort Wayne)","FL, GA, IN, WA","shooting, abduction/missing person, robbery, homicide, assault",LPR identification and tracking of suspect vehicles; real-time alerts; hotlist matches,"arrests made, suspects apprehended, missing person recovered, firearm recovered, charges filed","Flock Safety's 2024 #Solved Awards highlight six cases where law enforcement agencies used Flock LPR technology and cameras to solve crimes including a shooting in Florida (apprehended in 4 days), locate a missing teen in Georgia/Louisiana, intercept suspects in a motel shooting in Indiana, dismantle a jewelry robbery ring on the East Coast, apprehend a domestic violence suspect in Washington, and catch a homicide suspect fleeing to Michigan (within 2 hours of shooting). Flock's cameras enabled real-time tracking, hotlist alerts, and inter-agency coordination that led to swift arrests and recovery of evidence.",Police1,https://www.police1.com/tech-pulse/transforming-police-investigations-with-technology-meet-the-flock-safety-2024-solved-awards-honorees,,high
100,2026-08-13,2025-06,Berkeley,CA,robbery,LPR cameras captured getaway vehicle footage and tracked suspect vehicles,suspects arrested and charged,"An armed robbery occurred at Dream Fluff Donuts in Berkeley, California, where five suspects stole money at gunpoint. Flock Safety cameras captured footage of the getaway vehicles, which helped authorities track and identify the stolen suspect vehicles, leading to arrests and charges including robbery, kidnapping, and grand theft.",Loss Prevention Magazine,https://losspreventionmedia.com/2-retail-crime-cases-solved-with-assistance-from-flock-technology/,,high
101,2026-08-13,2025-02-27,New Paris,OH,abduction/missing person,"LPR alert matched suspect vehicle, enabled traffic stop","missing person located, suspect arrested","A Flock Safety camera alert identified a vehicle carrying a missing 11-year-old girl from Texas and 52-year-old suspect Joel Domingo Dominguez Martinez. The match prompted New Paris Police to initiate a traffic stop, resulting in the girl's recovery and the suspect's arrest.",WKEF,https://dayton247now.com/news/local/flock-camera-technology-help-police-locate-missing-girl-suspect-in-custody,,high
102,2026-08-13,2024-03-01,El Cajon,CA,shooting,LPR system located suspect,suspect identified,El Cajon police used Flock Safety cameras to identify and locate a suspect in a shooting at a dentistry office.,cbs8.com,https://www.cbs8.com/article/news/local/el-cajon-police-flock-safety-find-suspect/509-05371062-6521-4dd1-bfb9-a5c24a012aff,,medium
103,2026-08-13,2023-09-27,Nichols Hills,OK,robbery,"LPR identified license plate and vehicle details, pinpointed registered address",arrest,"On Sept. 27, 2023, an armed robber shot a victim at an ATM in Nichols Hills, Oklahoma. Flock Safety cameras identified the suspect's white Mercedes-Benz license plate and vehicle details, which helped police locate 20-year-old Eric Nguyen's address and arrest him on Sept. 28.",KOKH,https://okcfox.com/news/local/these-cameras-are-helping-flock-safety-police-describe-methods-used-to-locate-armed-robbery-suspect-cameras-eric-minh-nguyen-mercedes-benz-sedan-white-arrested-crime-assault-gun-shot-victim-atm-nichols-hills-oklahoma-city-aclu-concerns-privacy-ai-reader,,high
104,2026-08-13,2025-05-22,,CO,vehicle theft,LPR assisted in locating stolen vehicle,"vehicle recovered, suspects arrested",Flock Safety cameras assisted in recovering a stolen vehicle and identifying suspects for arrest in Colorado.,FOX21 News Colorado,https://www.fox21news.com/news/flock-safety-cameras-help-recover-stolen-car-arrest-suspects/,,medium
105,2026-08-13,2024-04-13,Blue Springs,MO,shooting,"AI-enhanced vehicle identification by make, model, color and characteristics; real-time alert led to suspect vehicle location",arrest on first-degree murder warrant,"Marquis Earl-Lee Savannah was arrested for a fatal shooting at Wilbur Young Park on April 13, 2024 that killed two people. Flock Safety cameras identified the suspect's vehicle by its physical characteristics using AI technology and provided a real-time alert when the vehicle was spotted, enabling police to apprehend the suspect.",KPTV,https://www.kptv.com/2024/04/28/ai-enhanced-camera-technology-leads-murder-suspects-arrest/,,high
106,2026-08-13,2023-11-09,White Settlement,TX,shooting,LPR identified suspect vehicle from scene,arrest,"On November 9, 2023, a man fired shots at six teenagers near Foxfire Lane in White Settlement, Texas. Flock Safety cameras captured images of the blue Chevrolet truck used by the suspect, leading police to arrest Burgos Rodriguez and charge him with six counts of aggravated assault with a deadly weapon.",NBC 5 Dallas-Fort Worth,https://www.nbcdfw.com/news/local/white-settlement-police-credit-automatic-license-plate-readers-for-arrest-of-shooting-suspect/3386369/,,high
107,2026-08-13,2023-03-28,Harris County,TX,vehicle theft,LPR alert identified stolen vehicle in real-time,"suspect arrested, charged with unauthorized use of motor vehicle and drug possession","A Flock Safety camera in Harris County, Texas detected a stolen vehicle, prompting a traffic stop by deputies that led to the arrest of 31-year-old Rashad Bolden, who was found in possession of methamphetamine and was already out on bonds for prior drug charges.",FOX 26 Houston,https://www.fox26houston.com/news/harris-co-flock-safety-camera-captures-stolen-vehicle-suspect-arrested,,high
108,2026-08-13,2023-09-12,Anna,TX,burglary,"LPR alert located suspect vehicle, enabling traffic stop and arrest","arrest, stolen property recovered","On September 12, 2023, Anna Police used Flock Safety LPR cameras to identify and locate a vehicle linked to a series of vehicle break-ins. After the system alerted officers to the vehicle's presence, they conducted a traffic stop and arrested the suspect, who faced charges including burglary and possession of a stolen firearm.",Local Profile,https://www.localprofile.com/news/anna-pd-uses-license-plate-readers-to-arrest-suspect-for-vehicle-break-ins-7561503,,high
109,2026-08-13,2026-08-06,Iowa City,IA,other,LPR footage helped identify vandalism suspect,arrest,"Alex Rattenborg was arrested for dismantling a Flock camera on the University of Iowa campus on August 6. Police used Flock technology and surveillance footage to identify her, and she confessed to the crime.",KCRG,https://www.kcrg.com/2026/08/13/flock-vandal-suspect-arrested-with-help-flock-cameras-police-say/,,high
110,2026-08-13,2018-12-26,Marietta,GA,robbery,LPR identified and located suspect vehicle,arrest,A Flock Safety license plate reader camera in Marietta helped police apprehend a suspect wanted on robbery and aggravated assault charges in December 2018. The camera's success during a trial run led the department to purchase additional Flock cameras for expanded deployment.,ajc.com,https://www.ajc.com/news/local/marietta-wants-buy-license-plate-readers-after-successful-trial-run/h4Jdyz8l6IceoVRV8Pyo8O/,,medium
111,2026-08-13,2018-07,Marietta,GA,vehicle theft,LPR system identified and located suspects and stolen vehicles,"wanted felon apprehended, stolen vehicle recovered","Marietta PD deployed Flock Safety ALPR cameras across ten neighborhoods, resulting in a 34% crime drop in those areas from July 2018 to March 2019. The system was responsible for apprehending a wanted felon and recovering a stolen vehicle.",patch.com,https://patch.com/georgia/marietta/license-plate-readers-contribute-mariettas-falling-crime-rate,,high
112,2026-08-13,2019-09-20,Riverview,FL,theft/larceny,LPR captured license plates that identified suspect vehicles,two arrests made,"A Ford pickup truck's tailgate was stolen from a Paddock Oaks neighborhood driveway in Riverview, Florida. A Flock Safety camera at the neighborhood entrance captured license plates of the suspect vehicles, which combined with home security footage led to two arrests two weeks later.",govtech.com,https://www.govtech.com/products/License-Plate-Camera-Footage-Helps-Fight-Crime-in-Florida.html,https://www.tampabay.com/news/business/2019/09/20/license-plate-cameras-may-be-watching-your-tampa-bay-neighborhood/ https://www.floridatrend.com/article/27898/who-said-that,high
113,2026-08-13,2019-10-09,Trussville,AL,vehicle theft,LPR alert identified stolen vehicle location,"vehicle recovered, suspect arrested","A stolen Honda CR-V was recovered in Trussville after Flock Safety license plate reader cameras identified the vehicle's location. The suspect, Quintarius Monroe, was arrested and charged with receiving stolen property.",trussvilletribune.com,https://www.trussvilletribune.com/2019/10/10/trussville-police-arrest-center-point-man-recover-stolen-vehicle-using-flock-safety-system/,,high
114,2026-08-13,2019-11-01,Memorial Villages,TX,fugitive apprehension,LPR hit identified suspect in stolen vehicle,arrest of parole violator,"A Flock Safety license plate reader system alerted Memorial Villages police to a stolen vehicle carrying convicted burglar and parole violator Zachary Wingate on November 1, 2019. The system flagged the vehicle, leading to the suspect's arrest.",click2houston.com,https://www.click2houston.com/news/2019/11/20/license-plate-readers-to-replace-red-light-camera-in-communities-across-houston-area/,,high
115,2026-08-13,2020-01-18,Coweta County,GA,hit and run,LPR captured suspect vehicle tag; second reader located vehicle on tow truck,"arrest, charged with leaving scene of accident and obstruction","A Flock Safety license plate reader in Coweta County captured images of a vehicle involved in a hit-and-run accident that injured a UGA student, and a second reader later identified the vehicle on a tow truck, leading to the arrest of 18-year-old Deven Glenn Sheats.",fox5atlanta.com,https://www.fox5atlanta.com/news/coweta-county-teen-arrested-for-hit-and-run-accident-that-injured-uga-student,,high
116,2026-08-13,2019-12-21,Springville,AL,theft/larceny,LPR alert tracked suspect vehicle to location,suspect arrested,"Julius Durr allegedly stole two iPhone 11s from an AT&T store in Springville on December 21, 2019. Flock Safety cameras captured his vehicle fleeing the scene, allowing investigators to track it to Birmingham and obtain a search warrant that led to his arrest on January 16, 2020.",trussvilletribune.com,https://www.trussvilletribune.com/2020/01/24/springvilles-flock-safety-cameras-help-lead-authorities-to-identification-of-suspect-sought-in-att-theft/,,high
117,2026-08-13,2020-02-14,Trussville,AL,vehicle theft,real-time alert detected stolen vehicle,"arrest, vehicle recovered","A Flock camera alerted Trussville PD when a stolen vehicle entered the area on February 14, 2020. Jimmy Skovira was arrested at an Academy Sports + Outdoors parking lot and charged with receiving stolen property and drug paraphernalia possession; the vehicle was recovered.",trussvilletribune.com,https://www.trussvilletribune.com/2020/02/15/flock-cameras-alert-trussville-pd-to-stolen-vehicle-man-arrested/,,high
118,2026-08-13,2020-02-18,Houston,TX,vehicle theft,LPR alerts identified stolen vehicles and enabled traffic stops,"28 vehicles recovered, suspects arrested with outstanding warrants","Memorial Villages Police Department installed 20 Flock Safety license plate readers in September 2019, resulting in the recovery of 28 stolen vehicles within months and assisting in solving robberies, ID theft, and fraud cases. One example cited involved cameras identifying a stolen vehicle at 1:20 a.m., leading officers to a traffic stop where they apprehended three individuals with outstanding warrants and weapons.",houstonpublicmedia.org,https://www.houstonpublicmedia.org/articles/news/2020/02/18/360895/in-an-effort-to-reduce-crime-more-and-more-houston-area-communities-use-license-plate-readers/,,high
119,2026-08-13,2020-03-02,Trussville,AL,theft/larceny,LPR alert on stolen tag led to traffic stop,two arrests,Trussville Police stopped a vehicle after a Flock camera alert identified a stolen tag. The driver was arrested for receiving stolen property and driving with a revoked license; the passenger was arrested on an outstanding warrant.,trussvilletribune.com,https://www.trussvilletribune.com/2020/03/05/trussville-police-arrest-2-after-flock-camera-hit/,,high
120,2026-08-13,2020-06-17,Lewisville,TX,vehicle theft,LPR alert located stolen vehicle,arrest,"Police arrested Austin Reed Held after he stole a vehicle in Lewisville on June 17, 2020. One of the city's new Flock Safety license plate reading cameras alerted officers to the stolen vehicle, leading to a pursuit and the suspect's apprehension in Richland Hills.",starlocalmedia.com,https://starlocalmedia.com/lewisvilleleader/news/new-camera-program-in-lewisville-leads-to-vehicle-theft-arrest/article_0c8b18c0-b179-11ea-8ffb-338c8e9b289d.html,,high
121,2026-08-13,2020-07-23,,,robbery,determined suspect identity,suspect identified,Flock cameras were used by the ACE Unit to identify a suspect in an armed pharmacy robbery.,gradickcommunications.com,https://www.gradickcommunications.com/2020/07/23/23410/,,low
122,2026-08-13,2020-08-18,Pleasant Grove,AL,carjacking,LPR hit located suspect vehicle,arrest,"Christian Gage Ridlehoover was arrested for carjacking a vehicle in Jefferson County after the victim was dragged while attempting to stop the suspect. Flock camera technology helped detectives locate Ridlehoover and the stolen vehicle on Allison-Bonnet Road, leading to his arrest.",trussvilletribune.com,https://www.trussvilletribune.com/2020/08/20/ridlehoover-22-arrested-in-connection-to-jefferson-county-carjacking/,https://www.wbrc.com/2020/08/20/man-carjacked-jefferson-county-suspect-arrested-after-found-walking-with-gas-can/,high
123,2026-08-13,2020-09-16,Fayetteville,GA,vehicle theft,LPR alerts identified stolen vehicles and enabled officer response,"3 juveniles arrested, 2 men arrested, vehicle recovered","On September 16, 2020, Flock Safety cameras in Fayette County identified multiple stolen vehicles and suspicious activity. The system alerted officers to a vehicle stolen in an Atlanta carjacking, leading to a pursuit and the apprehension of three juveniles; separately detected another stolen vehicle resulting in two arrests; and identified a vehicle involved in a purse theft from a gas station.",thecitizen.com,https://thecitizen.com/2020/09/20/fayettes-eyes-on-crime-bust-5-suspects-in-2-stolen-vehicles/,,high
124,2026-08-13,2020-09-08,Trussville,AL,drug offense,Flock notification on stolen tag located suspect vehicle,two arrests on drug trafficking charges,"Trussville police received a Flock camera alert on September 8, 2020, for a vehicle with a stolen tag and located it at a gas station. The stop resulted in the arrest of two individuals found with firearms and approximately 416 pills of controlled substances and marijuana.",trussvilletribune.com,https://www.trussvilletribune.com/2020/09/11/trussville-police-arrest-pair-on-drug-trafficking-charges/,,high
125,2026-08-13,2020-09-13,Birmingham,AL,homicide,LPR identified suspect vehicle from shooting scene,arrest and capital murder charge,"Flock Safety cameras helped Birmingham police locate the vehicle used in the fatal shooting of 71-year-old Javanna Cotton Owens on September 13, 2020. The LPR hit led to the arrest of Kartavius Vines, who was charged with capital murder.",trussvilletribune.com,https://www.trussvilletribune.com/2020/09/15/flock-cameras-help-track-down-suspect-in-shooting-death-of-71-year-old-woman/,,high
126,2026-08-13,2020-12-10,Trussville,AL,vehicle theft,LPR hit identified stolen vehicle,"arrest, vehicle recovered, drugs seized","Trussville Police recovered a stolen Honda Accord and arrested Christopher Wayne Stewart after a Flock Safety camera alert led to a traffic stop on December 10, 2020. Stewart was charged with receiving stolen property and drug offenses.",trussvilletribune.com,https://www.trussvilletribune.com/2020/12/17/trussville-pd-makes-arrest-recover-stolen-vehicle-after-flock-safety-hit/,,high
127,2026-08-13,2020-12-18,Wichita,KS,homicide,LPR system identified suspect vehicle in homicide investigation,arrest of murder suspect,"Wichita police deployed Flock Safety fixed license plate readers across 35 high-crime locations. Within one month, the system helped recover 68 stolen vehicles, make 39 felony arrests, and assisted detectives in identifying a vehicle in a homicide investigation, resulting in the arrest of a 17-year-old murder suspect.",govtech.com,https://www.govtech.com/public-safety/Wichita-Kan-Police-Say-License-Plate-Readers-Solve-Crimes.html,,high
128,2026-08-13,2020-12-08,Atherton,CA,burglary,LPR captured image of suspect vehicle,lead on culprits; vehicle linked to other thefts,"On December 8, burglars stole approximately $800,000 in jewelry from an Atherton home. One of the town's new Flock Safety license plate readers captured an image of the vehicle involved, which police linked to two other thefts in the Bay Area.",almanacnews.com,https://www.almanacnews.com/news/2020/12/16/two-more-burglaries-in-atherton-lead-in-theft-of-800k-worth-of-jewelry,,high
129,2026-08-13,2019-08,Irondale,AL,vehicle theft,LPR alert identified stolen vehicle location,"vehicle recovered, arrests made",Irondale Police deployed Flock Safety cameras and within two months recovered 6 stolen vehicles and made 7 arrests including vehicle thieves and drug offenders. A stolen vehicle was detected and located within five minutes of the camera alert.,wbrc.com,https://www.wbrc.com/2019/08/15/irondale-police-using-new-tech-catch-crooks/,,high
130,2026-08-13,2020-07-21,Moody,AL,theft/larceny,LPR alert identified stolen tag on vehicle,arrest,"Moody Police received a Flock Safety camera alert about a stolen tag on a white van at a Love's Travel Stop. The driver, Reginald Jones, was arrested and charged with receiving stolen property and imitation drugs after officers discovered he had placed the stolen tag on his vehicle to avoid being pulled over.",trussvilletribune.com,https://www.trussvilletribune.com/2020/07/22/moody-pd-arrest-man-for-stolen-tag-and-epsom-salt-he-thought-was-meth/,,high
131,2026-08-13,2020-07-05,Trussville,AL,vehicle theft,Real-time alert located stolen vehicle,"Vehicle recovered, suspect arrested on vehicle theft and drug charges","Flock Safety cameras alerted Trussville police to a stolen 2020 Nissan Altima rental car, leading officers to stop the vehicle on Main Street and arrest the driver, who was also found to be carrying marijuana.",trussvilletribune.com,https://www.trussvilletribune.com/2020/07/06/flock-safety-alert-leads-to-stolen-vehicle-recovery-and-drug-charge-trussville/,,high
132,2026-08-13,2026-08,Hemet,CA,vehicle theft,LPR system identified and located stolen vehicles and suspects,"24 vehicles recovered, 20+ arrests, armed robbery and carjacking solved","Hemet Police deployed 20 Flock Safety LPR cameras across the city, resulting in recovery of 24 stolen vehicles, over 20 arrests, and resolution of an armed robbery and carjacking within the first month of operation.",inlandnewstoday.com,http://www.inlandnewstoday.com/story.php?s=59683,,high
133,2026-08-13,2020-08-10,Pell City,AL,shooting,LPR hit located suspect vehicle on I-20,arrest,"Donald Gordy was suspected of shooting a Lamar County Sheriff's Deputy in Georgia on Saturday night. A Flock camera in St. Clair County, Alabama helped locate Gordy in a white pickup truck on I-20, leading to his arrest.",newsaegis.com,https://www.newsaegis.com/news/man-suspected-of-officer-shooting-in-georgia-arrested-in-st-clair-county/article_14d65d60-dcc5-11ea-b4ad-fbd591385cba.html,,high
134,2026-08-13,2020-08-29,Moody,AL,vehicle theft,LPR alert identified stolen vehicle,arrest,"Flock Safety System alerted Moody police to a stolen vehicle driven by Quintarius Mitchell on August 29, 2020. The ensuing pursuit resulted in a collision with an Odenville police cruiser, and Mitchell was arrested and charged with attempted murder, vehicle theft, and related offenses.",trussvilletribune.com,https://www.trussvilletribune.com/2020/09/04/center-point-man-charged-with-attempted-murder-after-police-vehicle-rammed/,,high
135,2026-08-14,2020-10,,CA,vehicle theft,LPR alerts identified stolen vehicles and suspect vehicles in hit-and-run cases,"25 stolen vehicles recovered, suspects apprehended, hit-and-run cases solved","A California city deployed 10 Flock Safety cameras starting in October 2020, which generated alerts for stolen vehicles and helped identify suspect vehicles in fatal pedestrian crashes. The cameras recovered approximately 25 stolen vehicles and solved two hit-and-run cases that may otherwise have remained unsolved.",govtech.com,https://www.govtech.com/public-safety/License-Plate-Reader-Cameras-Virtually-Gate-California-City.html,,high
136,2026-08-14,2020-01-05,Birmingham,AL,homicide,Flock alert identified stolen tag on suspect vehicle,suspect arrested and detained; charged with capital murder,"Stacey Flournoy, 32, was shot and killed on January 5, 2020 in Birmingham. Delvin Lamar Hunter was identified as the suspect and arrested in September 2020 after a Flock Safety camera alert about a stolen tag; his detention on drug charges kept him in jail until he was charged with capital murder in January 2021.",trussvilletribune.com,https://www.trussvilletribune.com/2021/01/20/suspect-in-shooting-death-of-woman-in-birmingham-already-in-jail-after-arrest-by-trussville-pd/,,high
137,2026-08-14,2021-03-12,Camden,SC,vehicle theft,Flock camera alert identified stolen box truck,suspect arrested,"A Flock camera on East Dekalb Street in Camden detected a stolen box truck, triggering a multi-jurisdiction chase that resulted in the arrest of Aaron Michael Wolferst after he fled on foot at Sand Hills State Park.",abccolumbia.com,https://www.abccolumbia.com/2021/03/11/kcso-arrests-indiana-man-after-multi-jurisdiction-chase-involving-reportedly-stolen-box-truck/,,high
138,2026-08-14,2021-06-05,College Park,GA,vehicle theft,FLOCK alert located stolen vehicle,"officer injured, suspects involved in vehicle pursuit","A College Park police investigator received a Flock camera alert about a stolen SUV and located it at a hotel on June 5, 2021. When he approached the vehicle, he was run over by the driver, sustaining serious injuries that required hospitalization and ongoing medical care.",fox5atlanta.com,https://www.fox5atlanta.com/news/college-park-officer-run-over-by-teen-suspect-faces-long-road-to-recovery,https://www.fox7austin.com/news/college-park-police-officer-runover-teen-driver-stolen-car https://www.fox5atlanta.com/news/college-park-police-officer-runover-teen-driver-stolen-car,high
139,2026-08-14,2021-06-12,College Park,GA,vehicle theft,Flock alert located stolen vehicle,suspect apprehended,"A Flock camera alert notified College Park Police Officer Ivory Morris of a stolen vehicle near a hotel. The officer located the vehicle and a 15-year-old suspect, who was apprehended after a brief confrontation during which the officer was struck by the fleeing vehicle.",fox32chicago.com,https://www.fox32chicago.com/news/college-park-police-officer-runover-teen-driver-stolen-car,https://www.fox6now.com/news/college-park-police-officer-runover-teen-driver-stolen-car https://www.fox10phoenix.com/news/college-park-police-officer-runover-teen-driver-stolen-car https://www.fox5ny.com/news/college-park-police-officer-runover-teen-driver-stolen-car https://www.fox35orlando.com/news/college-park-police-officer-runover-teen-driver-stolen-car,high
140,2026-08-14,2021-06,Troutman,NC,vehicle theft,Flock camera alerts led to location of stolen vehicles,"Four vehicles recovered, suspects arrested and charged","Troutman Police recovered four stolen vehicles in June 2021 with assistance from Flock Safety cameras. Flock alerts and real-time notifications helped officers locate the stolen vehicles and apprehend suspects, resulting in multiple arrests and charges for felony possession of stolen motor vehicles.",statesville.com,https://statesville.com/news/local/troutman-police-recover-four-stolen-vehicles-credit-good-old-fashion-police-work/article_fb8191ce-c95c-11eb-b884-eb4ba7875db2.html,,high
